GEO.id,Id
GEO.id2,Id2
GEO.display-label,Geography
GC.target-geo-id,Target Geo Id
GC.target-geo-id2,Target Geo Id2
GC.display-label,Geography,GC.display-label
rescen42010,"April 1, 2010 - Census"
resbase42010,"April 1, 2010 - Estimates Base"
respop72010,Population Estimate (as of July 1) - 2010
respop72011,Population Estimate (as of July 1) - 2011
respop72012,Population Estimate (as of July 1) - 2012
respop72013,Population Estimate (as of July 1) - 2013
respop72014,Population Estimate (as of July 1) - 2014
